SYMBOL,DESCRIPTION,IBKR-SYMBOL,CURRENCY,PRODUCT,REGION,EXCHANGE
"1672","WISDOMTREE PHYSICAL GOLD","1672.T","JPY","ETF","JE","TSEJ*"
"1673","WT PHYSICAL SILVER","1673.T","JPY","ETF","JE","TSEJ*"
"1674","WT PHYSICAL PLATINUM","1674.T","JPY","ETF","JE","TSEJ*"
"1675","WT PHYSICAL PALLADIUM","1675.T","JPY","ETF","JE","TSEJ*"
"1676","WT PHYSICAL PRECIOUS METALS","1676.T","JPY","ETF","JE","TSEJ*"
"1684","WT BROAD COMMODITIES","1684.T","JPY","ETF","JE","TSEJ*"
"1685","WT ENERGY","1685.T","JPY","ETF","JE","TSEJ*"
"1686","WT INDUSTRIAL METALS","1686.T","JPY","ETF","JE","TSEJ*"
"1687","WT AGRICULTURE","1687.T","JPY","ETF","JE","TSEJ*"
"1688","WT GRAINS","1688.T","JPY","ETF","JE","TSEJ*"
"1689","WT NATURAL GAS","1689.T","JPY","ETF","JE","TSEJ*"
"1690","WT WTI CRUDE OIL","1690.T","JPY","ETF","JE","TSEJ*"
"1691","WT GASOLINE","1691.T","JPY","ETF","JE","TSEJ*"
"1692","WT ALUMINIUM","1692.T","JPY","ETF","JE","TSEJ*"
"1693","WT COPPER","1693.T","JPY","ETF","JE","TSEJ*"
"1694","WT NICKEL","1694.T","JPY","ETF","JE","TSEJ*"
"1695","WT WHEAT","1695.T","JPY","ETF","JE","TSEJ*"
"1696","WT CORN","1696.T","JPY","ETF","JE","TSEJ*"
"1697","WT SOYBEANS","1697.T","JPY","ETF","JE","TSEJ*"
"4BRZN","ISHARES MSCI BRAZIL UCITS DE","4BRZN","MXN","ETF","DE","MEXI*"
"500UN","AMUNDI S&amp;P 500 UCITS ETF","500UN","MXN","ETF","LU","MEXI*"
"ABTCJPY","21SHARES BITCOIN SINGLE","ABTCJPY","JPY","ETF","CH","EBS*"
"ACWIJ","UBS ETF MSCI ACWI H JPY A-AC","ACWIJ","JPY","ETF","IE","EBS*"
"ACWIUN","UBS ETF MSCI ACWI H. USD","ACWIUN","MXN","ETF","IE","MEXI*"
"AFLTN","AMUNDI USD FLOATING RATE COR","AFLTN","MXN","ETF","LU","MEXI*"
"AGEDN","ISHARES AGEING POPULATION","AGEDN","MXN","ETF","IE","MEXI*"
"AGGUN","ISHARES CORE GLB AGG USD-H A","AGGUN","MXN","ETF","IE","MEXI*"
"AIAIN","L&amp;G ARTIFICIAL INTELLIGENCE","AIAIN","MXN","ETF","IE","MEXI*"
"AIGA1N","WT AGRICULTURE","AIGA1N","MXN","ETF","JE","MEXI*"
"AIGC1N","WT BROAD COMMODITIES","AIGC1N","MXN","ETF","JE","MEXI*"
"AIGI1N","WT INDUSTRIAL METALS","AIGI1N","MXN","ETF","JE","MEXI*"
"AQWAUN","GX CLEAN WATER UCITS A USD","AQWAUN","MXN","ETF","IE","MEXI*"
"ASIGN","ISHARES ASIA IG CORP USD ACC","ASIGN","MXN","ETF","IE","MEXI*"
"AT1N","INVESCO AT1 CAPITAL BOND","AT1N","MXN","ETF","IE","MEXI*"
"AUUSIN","UBS ETF GOLD","AUUSIN","MXN","ETF","CH","MEXI*"
"AWESGJ","UBS ETF ACWI ESG HDG JPY ACC","AWESGJ","JPY","ETF","IE","EBS*"
"AWESGN","UBS ETF ACWI ESG USD DIS","AWESGN","MXN","ETF","IE","MEXI*"
"AWSRIAN","UBS ETF ACWI SRI USD ACC","AWSRIAN","MXN","ETF","IE","MEXI*"
"AWSRIJ","UBS ETF ACWI SRI HDG JPY ACC","AWSRIJ","JPY","ETF","IE","EBS*"
"BATTN","L&amp;G BATTERY VALUE-CHAIN","BATTN","MXN","ETF","IE","MEXI*"
"BBEGN","JPM BETAB EUR GOVT UCITS ETF","BBEGN","MXN","ETF","IE","MEXI*"
"BOTZUN","GX ROBOTICS AI UCITS","BOTZUN","MXN","ETF","IE","MEXI*"
"BRNTN","WT BRENT CRUDE OIL","BRNTN","MXN","ETF","JE","MEXI*"
"C300N","INVESCO S&amp;P CHINA A 300 SWAP","C300N","MXN","ETF","IE","MEXI*"
"C40N","AMUNDI CAC 40 ESG","C40N","MXN","ETF","LU","MEXI*"
"C500N","IVZ S&amp;P CHINA A MID 500 SWAP","C500N","MXN","ETF","IE","MEXI*"
"CACCN","AMUNDI CAC 40","CACCN","MXN","ETF","FR","MEXI*"
"CANAN","UBSETF MSCI CANADA CAD A-ACC","CANAN","MXN","ETF","LU","MEXI*"
"CARBN","WISDOMTREE CARBON","CARBN","MXN","ETF","JE","MEXI*"
"CBEU5N","UBS ETF B. EUR AR.LIQ.C. 1-5","CBEU5N","MXN","ETF","LU","MEXI*"
"CBU3N","ISHARES TRSY 1-3YR USD ACC B","CBU3N","MXN","ETF","IE","MEXI*"
"CBU7N","ISHARES USD TREASURY 3-7YR","CBU7N","MXN","ETF","IE","MEXI*"
"CBUS5AN","UBS ETF B. US LIQ. CORP. 1-5","CBUS5AN","MXN","ETF","LU","MEXI*"
"CCAUN","ISHARES MSCI CANADA ACC","CCAUN","MXN","ETF","IE","MEXI*"
"CCUSASN","UBS ETF CMCI COMPOS. USD","CCUSASN","MXN","ETF","IE","MEXI*"
"CDISN","SPDR EUROPE CON DISCRETIONRY","CDISN","MXN","ETF","IE","MEXI*"
"CEMQN","ISH EDGE MSCI ERP QUALITY","CEMQN","MXN","ETF","IE","MEXI*"
"CEMTN","ISHARES EDGE MSCI ERP SIZE","CEMTN","MXN","ETF","IE","MEXI*"
"CEU2N","AMUNDI MSCI EUROPE UCITS DR","CEU2N","MXN","ETF","LU","MEXI*"
"CG1N","AMUNDI ETF DAX UCITS ETF DR","CG1N","MXN","ETF","FR","MEXI*"
"CHUSDN","UBS MSCI SWITZERLAND USD-HA","CHUSDN","MXN","ETF","LU","MEXI*"
"CIBRUN","FIRST TRUST CYBERSECURITY","CIBRUN","MXN","ETF","IE","MEXI*"
"CINDN","ISHARES DOW JONES INDUS AVRG","CINDN","MXN","ETF","IE","MEXI*"
"CITYN","ISHARES SMART CITY INFR USDA","CITYN","MXN","ETF","IE","MEXI*"
"CJ1YN","AMUNDI MSCI JAPAN ESG CLIMAT","CJ1YN","MXN","ETF","LU","MEXI*"
"CJPUN","ISHARES MSCI JAPAN USD ACC","CJPUN","MXN","ETF","IE","MEXI*"
"CLIMN","AM GL AGG GREEN BOND-ETF A","CLIMN","MXN","ETF","LU","MEXI*"
"CLIPUN","GX 1-3 MONTH T-BILL UCITS","CLIPUN","MXN","ETF","IE","MEXI*"
"CLON","GX CLOUD COMPUTING UCITS","CLON","MXN","ETF","IE","MEXI*"
"CMUN","AMUNDI MSCI EMU ESG LEADERS","CMUN","MXN","ETF","LU","MEXI*"
"CNDXN","ISHARES NASDAQ 100 USD ACC","CNDXN","MXN","ETF","IE","MEXI*"
"CO2N","SPARKCHANGE PHYS CARBON EUA","CO2N","MXN","ETF","IE","MEXI*"
"COCBN","WT AT1 COCO UCITS ETF USD","COCBN","MXN","ETF","IE","MEXI*"
"COPXUN","GX COPPER MINERS UCITS","COPXUN","MXN","ETF","IE","MEXI*"
"CRPAN","ISHARES GLOBAL CORP USD ACC","CRPAN","MXN","ETF","IE","MEXI*"
"CRPSN","ISHARES GLOBAL CORP","CRPSN","MXN","ETF","IE","MEXI*"
"CRUDN","WT WTI CRUDE OIL","CRUDN","MXN","ETF","JE","MEXI*"
"CSKRN","ISHARES MSCI KOREA USD ACC","CSKRN","MXN","ETF","IE","MEXI*"
"CSNKY","ISHARES NIKKEI 225 JPY ACC","CSNKY","JPY","ETF","IE","EBS*"
"CSTPN","SPDR MSCI EUROPE CON STAPLES","CSTPN","MXN","ETF","IE","MEXI*"
"CSUKN","ISHARES MSCI UK GBP ACC","CSUKN","MXN","ETF","IE","MEXI*"
"CTEKN","GX CLEANTECH UCITS","CTEKN","MXN","ETF","IE","MEXI*"
"CUSSN","ISHARES MSCI USA SMALL CAP E","CUSSN","MXN","ETF","IE","MEXI*"
"CYBUN","ISHARES CHINA CNY BOND USDHD","CYBUN","MXN","ETF","IE","MEXI*"
"D5BLN","X MSCI EUROPE VALUE 1C","D5BLN","MXN","ETF","LU","MEXI*"
"DFEAN","WISDOMTREE EU SMCP DIV ACC","DFEAN","MXN","ETF","IE","MEXI*"
"DFNSN","VANECK DEFENSE ETF","DFNSN","MXN","ETF","IE","MEXI*"
"DHSAN","WISDOMTREE US EQ INC ACC","DHSAN","MXN","ETF","IE","MEXI*"
"DIGIN","HAN DIGITAL INFRA CONN ETF","DIGIN","MXN","ETF","IE","MEXI*"
"DPYAN","ISH DVL MKT PRPTY YLD USD A","DPYAN","MXN","ETF","IE","MEXI*"
"DRVEN","GX AUTO ELECTVEHIC UCITS","DRVEN","MXN","ETF","IE","MEXI*"
"DTMXXN","ISHARES USD TRES 20PLS MXNHA","DTMXXN","MXN","ETF","IE","MEXI*"
"DX2GN","X CAC 40","DX2GN","MXN","ETF","LU","MEXI*"
"DXJAN","WISDOMTREE JAPAN USD HGD ACC","DXJAN","MXN","ETF","IE","MEXI*"
"DXJZN","WISDOMTREE JAPAN EQY-JPY ACC","DXJZN","MXN","ETF","IE","MEXI*"
"DXSFN","X MSCI EU FINANC ESG SCR 1C","DXSFN","MXN","ETF","LU","MEXI*"
"DXSZN","X USD OVERNIGHT RATE SWAP 1C","DXSZN","MXN","ETF","LU","MEXI*"
"EBUYN","AMUNDI MSCI DIGITAL ECONOMY","EBUYN","MXN","ETF","LU","MEXI*"
"ECOMN","L&amp;G ECOMMERCE LOGISTICS","ECOMN","MXN","ETF","IE","MEXI*"
"EDMJN","ISH MSCI JPN ESG EHNCD USD-A","EDMJN","MXN","ETF","IE","MEXI*"
"EDMWN","ISH MSCI WLD ESG EHNCD USD-A","EDMWN","MXN","ETF","IE","MEXI*"
"EDOCUN","GX TELMED DIG HLTH UCITS","EDOCUN","MXN","ETF","IE","MEXI*"
"EEIAN","WISDOMTREE EU EQ INC ACC","EEIAN","MXN","ETF","IE","MEXI*"
"EFIMN","INVESCO GS EQ FACTOR EM","EFIMN","MXN","ETF","IE","MEXI*"
"EFIWN","INVESCO GS EQ FACTOR WORLD","EFIWN","MXN","ETF","IE","MEXI*"
"EKLDN","BNP MSCI USA SRI PAB 5%","EKLDN","MXN","ETF","LU","MEXI*"
"ELCRN","LYXOR MSCI FUTURE MOBILITY","ELCRN","MXN","ETF","LU","MEXI*"
"EMADN","SPDR EM ASIA","EMADN","MXN","ETF","IE","MEXI*"
"EMBMXXN","ISHARES JPM USD EM BND MXNHA","EMBMXXN","MXN","ETF","IE","MEXI*"
"EMCAN","ISHARES JPM USD EM CRP USD A","EMCAN","MXN","ETF","IE","MEXI*"
"EMEMXN","ISHARES ESG USD EM BD MXN-HA","EMEMXN","MXN","ETF","IE","MEXI*"
"EMGAN","ISHARES JPM EM LCL GOV USD-A","EMGAN","MXN","ETF","IE","MEXI*"
"EMMUSCN","UBS ETF MSCI EM USD A-ACC","EMMUSCN","MXN","ETF","LU","MEXI*"
"EMMVN","ISHARES EDGE MSCI EM MIN VOL","EMMVN","MXN","ETF","IE","MEXI*"
"EMPAN","ISHARES MSCI EMU PARIS ACC","EMPAN","MXN","ETF","IE","MEXI*"
"EMQQN","EM INTRNET &amp; ECOMM UCITS ETF","EMQQN","MXN","ETF","IE","MEXI*"
"EMSALN N","ISHARES JPM ESG USD EM BD A","EMSALN N","MXN","ETF","IE","MEXI*"
"EMSDN","SPDR EM SMALL CAP","EMSDN","MXN","ETF","IE","MEXI*"
"EMSRN","BNP MSCI EMERGING SRI PAB","EMSRN","MXN","ETF","LU","MEXI*"
"EMUSRIN","UBS ETF MSCI EMU SRI EUR ACC","EMUSRIN","MXN","ETF","LU","MEXI*"
"EMUUN","ISHARES MSCI EMU USD-H ACC","EMUUN","MXN","ETF","IE","MEXI*"
"EMUUSDN","UBS ETF MSCI EMU USD-H ACC","EMUUSDN","MXN","ETF","LU","MEXI*"
"EQACN","INVESCO NASDAQ 100 ACC","EQACN","MXN","ETF","IE","MEXI*"
"ERNAN","ISHARES ULTRASHRT BOND USD-A","ERNAN","MXN","ETF","IE","MEXI*"
"ERNSN","ISHARES GBP ULTRASHORT BOND","ERNSN","MXN","ETF","IE","MEXI*"
"ERNXN","ISHARES EURO ULTRASHORT BOND","ERNXN","MXN","ETF","IE","MEXI*"
"ESGEMDN","UBS ETF EMIG ESG USD ACC","ESGEMDN","MXN","ETF","LU","MEXI*"
"ESGLN","AM MSCI EU ESG LEAD-ETF A","ESGLN","MXN","ETF","LU","MEXI*"
"ESGON","HAN ESG MINING UCTIS ETF","ESGON","MXN","ETF","IE","MEXI*"
"ESPXN","ISHARES S&amp;P500 ESG USD ACC","ESPXN","MXN","ETF","IE","MEXI*"
"EUNKN","ISHARES CORE MSCI EUROPE ACC","EUNKN","MXN","ETF","IE","MEXI*"
"EXSGN","ISHARE EUR STOXX SELDIV30 DE","EXSGN","MXN","ETF","DE","MEXI*"
"EXXUN","ISHR DJ CHINAOFFSHORE 50 DE","EXXUN","MXN","ETF","DE","MEXI*"
"FBTUN","FIRST TRUST BIOTECHNOLOGY","FBTUN","MXN","ETF","IE","MEXI*"
"FDNUN","FIRST TRUST DJ INTERNET ETF","FDNUN","MXN","ETF","IE","MEXI*"
"FEMUN","FIRST TRUST EMERGING MARKETS","FEMUN","MXN","ETF","IE","MEXI*"
"FEXUN","FIRST TRUST US LARGE CAP COR","FEXUN","MXN","ETF","IE","MEXI*"
"FINWN","AM MSCI WORLD FIN-ETF USD A","FINWN","MXN","ETF","LU","MEXI*"
"FINXUN","GLOBAL X FINTECH UCITS USD-A","FINXUN","MXN","ETF","IE","MEXI*"
"FLEQN","FRANKLIN EUROPE EQ UCITS ETF","FLEQN","MXN","ETF","IE","MEXI*"
"FLOAN","ISH USD FLOAT BOND USD ACC","FLOAN","MXN","ETF","IE","MEXI*"
"FLXBN","FRK FTSE BRAZIL UCITS ETF","FLXBN","MXN","ETF","IE","MEXI*"
"FLXCN","FRK FTSE CHINA UCITS ETF","FLXCN","MXN","ETF","IE","MEXI*"
"FLXEN","FRANKLIN EMMARKETS UCITS ETF","FLXEN","MXN","ETF","IE","MEXI*"
"FLXIN","FRK FTSE INDIA UCITS ETF","FLXIN","MXN","ETF","IE","MEXI*"
"FLXUN","FRANKLIN US EQUITY UCITS ETF","FLXUN","MXN","ETF","IE","MEXI*"
"FMQQN","FMQQ NEXT FRONTIER ETF ACC","FMQQN","MXN","ETF","IE","MEXI*"
"FNCLN","SPDR EUROPE FINANCIALS","FNCLN","MXN","ETF","IE","MEXI*"
"FPXUN","FIRST TRUST US EQY OPRTNTY","FPXUN","MXN","ETF","IE","MEXI*"
"FRMXNXN","ISHARES USD FLOATING MXN-H A","FRMXNXN","MXN","ETF","IE","MEXI*"
"FUSAN","FIDELITY US QUAL INCOME-ACC","FUSAN","MXN","ETF","IE","MEXI*"
"FXACN","ISHARES CHINA LARGE CAP USDA","FXACN","MXN","ETF","IE","MEXI*"
"GAAAN","ISHARES GLB AAA-AA GVT USD-A","GAAAN","MXN","ETF","IE","MEXI*"
"GCLEN","IVZ GLOBAL CLEAN ENERGY ACC","GCLEN","MXN","ETF","IE","MEXI*"
"GDX1N","VANECK GOLD MINERS UCITS ETF","GDX1N","MXN","ETF","IE","MEXI*"
"GENDERN","UBS ETF GL GENDER EQ USD","GENDERN","MXN","ETF","IE","MEXI*"
"GFA1N","VANECK GL FALLEN ANGL HY ETF","GFA1N","MXN","ETF","IE","MEXI*"
"GLADN","SPDR BBG GLAG USD HDG","GLADN","MXN","ETF","IE","MEXI*"
"GLUGN","L&amp;G CLEAN WATER UCITS ETF","GLUGN","MXN","ETF","IE","MEXI*"
"HEALN","ISHR HEALTHCARE INNOVATION","HEALN","MXN","ETF","IE","MEXI*"
"HEDFN","WISDOMTREE EUR EQUITY-EUR AC","HEDFN","MXN","ETF","IE","MEXI*"
"HEDKN","WISDOMTREE EU EQ ACC USD HDG","HEDKN","MXN","ETF","IE","MEXI*"
"HERUN","GX VGAMESESPORTS UCITS","HERUN","MXN","ETF","IE","MEXI*"
"HLQDN","ISH USD CORP INT HDG - USD A","HLQDN","MXN","ETF","IE","MEXI*"
"HRL.F102","HAREL S&amp;P CONS STAPLES CUR H","HRL.F102","ILS","ETF","IL","TASE*"
"HRL.F13","HAREL SAL 00 TEL BOND 40","HRL.F13","ILS","ETF","IL","TASE*"
"HRL.F28","HAREL SAL (4D) DAX 30","HRL.F28","ILS","ETF","IL","TASE*"
"HRL.F3","HAREL SAL 00 TEL BOND 20","HRL.F3","ILS","ETF","IL","TASE*"
"HRL.F4","HAREL SAL 00 TEL BOND 60","HRL.F4","ILS","ETF","IL","TASE*"
"HTWON","L&amp;G HYDROGEN ECONOMY ETF","HTWON","MXN","ETF","IE","MEXI*"
"HYEM1N","VANECK EMERG MARKETS HY ETF","HYEM1N","MXN","ETF","IE","MEXI*"
"HYGNN","GX HYDROGEN UCITS ETF","HYGNN","MXN","ETF","IE","MEXI*"
"HYLAN","ISHARES GLOBAL HY CORP-ACC","HYLAN","MXN","ETF","IE","MEXI*"
"I500N","ISHARES S&amp;P500 SWAP UCITS","I500N","MXN","ETF","IE","MEXI*"
"IAUSN","ISHARES MSCI AUSTRALIA","IAUSN","MXN","ETF","IE","MEXI*"
"IB1MXXN","ISHARES US TREAS 0-1YR MXN","IB1MXXN","MXN","ETF","IE","MEXI*"
"IBC0N","ISH EDGE MSCI ERP MLTFCTR","IBC0N","MXN","ETF","IE","MEXI*"
"IBCILN","ISHARES EURO INFL-LKD GOVT","IBCILN","MXN","ETF","IE","MEXI*"
"IBCXN","ISHARES EURO CORP LARGE CAP","IBCXN","MXN","ETF","IE","MEXI*"
"IBI.F106","PSAGOT ETF MSCI ACWORLD","IBI.F106","ILS","ETF","IL","TASE*"
"IBI.F13","PSAGOT ETF TEL-B20","IBI.F13","ILS","ETF","IL","TASE*"
"IBI.F161","PSAGOT ETF SHORT TA-90","IBI.F161","ILS","ETF","IL","TASE*"
"IBTAN","ISHARES USD TRSRY 1-3Y USD A","IBTAN","MXN","ETF","IE","MEXI*"
"ICHN","ISHARES MSCI CHINA USD ACC","ICHN","MXN","ETF","IE","MEXI*"
"ICOM N","ISH DIVERS COMMOD SWAP ETF","ICOM N","MXN","ETF","IE","MEXI*"
"IDP6N","ISHARES S&amp;P SMALL CAP 600","IDP6N","MXN","ETF","IE","MEXI*"
"IDTKN","ISHARES MSCI TURKEY","IDTKN","MXN","ETF","IE","MEXI*"
"IDTXXN","ISHARES USD TRES 7-10Y MXNHA","IDTXXN","MXN","ETF","IE","MEXI*"
"IDUPN","ISHARES US PROPERTY YIELD","IDUPN","MXN","ETF","IE","MEXI*"
"IE1AN","ISHARES EURO CORP 1-5YR","IE1AN","MXN","ETF","IE","MEXI*"
"IEMBN","ISHARES JPM USD EM BND USD D","IEMBN","MXN","ETF","IE","MEXI*"
"IEMLN","ISHARES JPM EM LCL GOV BND","IEMLN","MXN","ETF","IE","MEXI*"
"IEVLN","ISHARES EDGE MSCI ERP VALUE","IEVLN","MXN","ETF","IE","MEXI*"
"IFSUN","ISHARES EDGE MSCI US MLTFCTR","IFSUN","MXN","ETF","IE","MEXI*"
"IGAAN","ISH EM ASIA LOCAL GOVT USD A","IGAAN","MXN","ETF","IE","MEXI*"
"IGILN","ISHARES GLBL INFL LNKD GOVT","IGILN","MXN","ETF","IE","MEXI*"
"IGLNN","ISHARES PHYSICAL GOLD ETC","IGLNN","MXN","ETF","IE","MEXI*"
"IGLTN","ISHARES CORE UK GILTS","IGLTN","MXN","ETF","IE","MEXI*"
"IGSUN","ISHARES GLOBAL SUST SCREENED","IGSUN","MXN","ETF","IE","MEXI*"
"IHYAN","ISHARES USD HY CORP USD ACC","IHYAN","MXN","ETF","IE","MEXI*"
"IJPDN","ISHARES MSCI JAPAN USD-H ACC","IJPDN","MXN","ETF","IE","MEXI*"
"IJPN","ISHARES MSCI JAPAN","IJPN","JPY","ETF","IE","EBS*"
"IMEUN","ISHARES CORE MSCI EUROPE","IMEUN","MXN","ETF","IE","MEXI*"
"IMMXXN","ISHARES US MBS MXN-HA","IMMXXN","MXN","ETF","IE","MEXI*"
"INRAN","ISHARES GLB CLN ENERGY USD A","INRAN","MXN","ETF","IE","MEXI*"
"INXGN","ISHARES GBP INDEX-LNK GILTS","INXGN","MXN","ETF","IE","MEXI*"
"IOGPN","ISHARES OIL &amp; GAS EXPL&amp;PROD","IOGPN","MXN","ETF","IE","MEXI*"
"IRSANN","ISHARES MSCI SOUTH AFRICA","IRSANN","MXN","ETF","IE","MEXI*"
"IS.FF704","ISHARES USD TREASURY 3-7YR","IS.FF704","ILS","ETF","IE","TASE*"
"IS3UN","ISHARES MSCI FRANCE","IS3UN","MXN","ETF","IE","MEXI*"
"ISFDN","ISHARES COR FTSE 100-USD H-A","ISFDN","MXN","ETF","IE","MEXI*"
"ISJP","ISHARES MSCI JAPAN SMALL CAP","ISJP","JPY","ETF","IE","EBS*"
"ISLNN","ISHARES PHYSICAL SILVER ETC","ISLNN","MXN","ETF","IE","MEXI*"
"ITAMIDN","AMUNDI FTSE ITALIA PMI PIR 2","ITAMIDN","MXN","ETF","FR","MEXI*"
"ITECN","SPDR EUROPE TECHNOLOGY","ITECN","MXN","ETF","IE","MEXI*"
"IUAGN","ISHARES US AGG BND USD DIST","IUAGN","MXN","ETF","IE","MEXI*"
"IUCDN","ISHARES S&amp;P CONSUMER DSCRTN","IUCDN","MXN","ETF","IE","MEXI*"
"IUESN","ISHARES S&amp;P 500 ENERGY","IUESN","MXN","ETF","IE","MEXI*"
"IUHCN","ISHARES S&amp;P HEALTH CARE","IUHCN","MXN","ETF","IE","MEXI*"
"IUISN","ISH S&amp;P500 INDUSTRIALS","IUISN","MXN","ETF","IE","MEXI*"
"IUITN","ISHARES S&amp;P 500 IT SECTOR","IUITN","MXN","ETF","IE","MEXI*"
"IUMON","ISHARES EDGE MSCI USA MMNTM","IUMON","MXN","ETF","IE","MEXI*"
"IUMSN","ISH S&amp;P500 MATERIALS","IUMSN","MXN","ETF","IE","MEXI*"
"IUQAN","ISHARES EDGE MSCI USA QLY","IUQAN","MXN","ETF","IE","MEXI*"
"IUSZN","ISHARES EDGE MSCI USA SIZE","IUSZN","MXN","ETF","IE","MEXI*"
"IUUSN","ISH S&amp;P500 UTILITIES","IUUSN","MXN","ETF","IE","MEXI*"
"IUVLN","ISHARES EDGE MSCI USA VALUE","IUVLN","MXN","ETF","IE","MEXI*"
"IWDAN","ISHARES CORE MSCI WORLD","IWDAN","MXN","ETF","IE","MEXI*"
"IWMON","ISHR EDGE MSCI WRLD MOMENTUM","IWMON","MXN","ETF","IE","MEXI*"
"IWQUN","ISHR EDGE MSCI WRLD QLY FCTR","IWQUN","MXN","ETF","IE","MEXI*"
"IWRDN","ISHARES MSCI WORLD","IWRDN","MXN","ETF","IE","MEXI*"
"IWSZN","ISHARES EDGE MSCI WRLD SIZE","IWSZN","MXN","ETF","IE","MEXI*"
"IWVLN","ISHARES EDGE MSCI WRLD VALUE","IWVLN","MXN","ETF","IE","MEXI*"
"JAPA","UBS ETF JAPAN PAB JPY ACC","JAPA","JPY","ETF","IE","EBS*"
"JARI","AMUN MSCI JAPAN SRI PAB","JARI","JPY","ETF","LU","EBS*"
"JE13N","JPM BETAB EURGV13YR UCIT ETF","JE13N","MXN","ETF","IE","MEXI*"
"JETS1N","U.S. GLOBAL JETS UCITS ETF","JETS1N","MXN","ETF","IE","MEXI*"
"JGB1X","ISHARES JP GOV BOND UCIT ETF","JGB1X","JPY","ETF","IE","EBS*"
"JGHYN","JPM GL HIYLD COR BD UCIT ETF","JGHYN","MXN","ETF","IE","MEXI*"
"JHYMN","JPM GL HIYLD COR BD UCIT ETF          ","JHYMN","MXN","ETF","IE","MEXI*"
"JJEJ","JPM JAPAN REI EQ UCITS ETF","JJEJ","JPY","ETF","IE","EBS*"
"JPCTN","JPM CARBON TR GLEQ CTB UC UA","JPCTN","MXN","ETF","IE","MEXI*"
"JPEAN","ISHARES JPM USD EM BND USD A","JPEAN","MXN","ETF","IE","MEXI*"
"JPESG","UBSETF JP LCS JPY ACC","JPESG","JPY","ETF","IE","EBS*"
"JPJY","SPDR MSCI JP UCITS JPY-UNHG","JPJY","JPY","ETF","IE","EBS*"
"JPNA","UBSETF MSCI JAPAN JPY A-ACC","JPNA","JPY","ETF","LU","EBS*"
"JPNJPAJPY","UBS ETF MSCI JAPAN","JPNJPAJPY","JPY","ETF","LU","EBS*"
"JPNUKD","UBS ETF MSCI JAPAN UKD","JPNUKD","JPY","ETF","LU","EBS*"
"JPNY","AMUNDI JPX-NIKKEI 400 UCITS","JPNY","JPY","ETF","LU","EBS*"
"JPSR","UBS ETF MSCI JAPAN SRI","JPSR","JPY","ETF","LU","EBS*"
"JPSRA","UBS ETF MSCI JAPAN SRI A","JPSRA","JPY","ETF","LU","EBS*"
"JT13","UBS ETF BBG JAPAN TRES 1-3","JT13","JPY","ETF","LU","EBS*"
"JT13N","UBS ETF BBG JAPAN TRES 1-3","JT13N","MXN","ETF","LU","MEXI*"
"KOINN","ETCG BLOCKCH UCITS ETF USD-A","KOINN","MXN","ETF","IE","MEXI*"
"KSM.F1","KSM ETF TEL-CP35","KSM.F1","ILS","ETF","IL","TASE*"
"KSM.F106","KSM ETF IBOXIG30","KSM.F106","ILS","ETF","IL","TASE*"
"KSM.F120","KSM ETF DRBN CH","KSM.F120","ILS","ETF","IL","TASE*"
"KSM.F128","KSM ETF MDAXNR","KSM.F128","ILS","ETF","IL","TASE*"
"KSM.F129","KSM ETF MDAXNR CH","KSM.F129","ILS","ETF","IL","TASE*"
"KSM.F132","KSM ETF IXMNTR","KSM.F132","ILS","ETF","IL","TASE*"
"KSM.F133","KSM ETF IXINTR","KSM.F133","ILS","ETF","IL","TASE*"
"KSM.F14","KSM ETF BCOMCOT","KSM.F14","ILS","ETF","IL","TASE*"
"KSM.F140","KSM ETF CMP STK MID DV CH","KSM.F140","ILS","ETF","IL","TASE*"
"KSM.F141","KSM ETF CMP TEL GOV+EQ CH","KSM.F141","ILS","ETF","IL","TASE*"
"KSM.F147","KSM ETF SX7T CH","KSM.F147","ILS","ETF","IL","TASE*"
"KSM.F148","KSM ETF SHO TEL-YLD","KSM.F148","ILS","ETF","IL","TASE*"
"KSM.F156","KSM ETF CMP STK SEC US","KSM.F156","ILS","ETF","IL","TASE*"
"KSM.F158","KSM ETF IXTNTR","KSM.F158","ILS","ETF","IL","TASE*"
"KSM.F159","KSM ETF IXRNTR","KSM.F159","ILS","ETF","IL","TASE*"
"KSM.F163","KSM ETF SPSIRBKN","KSM.F163","ILS","ETF","IL","TASE*"
"KSM.F175","KSM ETF TEL-BD","KSM.F175","ILS","ETF","IL","TASE*"
"KSM.F2","KSM ETF TEL-B50","KSM.F2","ILS","ETF","IL","TASE*"
"KSM.F36","KSMETF TEL GOV CPI-LIN2-5","KSM.F36","ILS","ETF","IL","TASE*"
"KSM.F5","KSM ETF SP400NTR","KSM.F5","ILS","ETF","IL","TASE*"
"KSM.F50","KSM ETF SHO TEL-B40","KSM.F50","ILS","ETF","IL","TASE*"
"KSM.F51","KSM ETF UKXNUK","KSM.F51","ILS","ETF","IL","TASE*"
"KSM.F53","KSM ETF 4D DAX","KSM.F53","ILS","ETF","IL","TASE*"
"KSM.F56","KSM ETF TA-REAL","KSM.F56","ILS","ETF","IL","TASE*"
"KSM.F60","KSM ETF RU20N30U","KSM.F60","ILS","ETF","IL","TASE*"
"KSMF167","KSM KTF4A S&amp;P HEALTH CARE CURR","KSMF167","ILS","ETF","IL","TASE*"
"LEGR1N","FT INDXX INNOV TRNSACT&amp;PROCS","LEGR1N","MXN","ETF","IE","MEXI*"
"LGUSN","L&amp;G US EQUITY UCITS ETF","LGUSN","MXN","ETF","IE","MEXI*"
"LITMN","ISHARES LTH&amp;BATTERY PROD ETF","LITMN","MXN","ETF","IE","MEXI*"
"LQDAN","ISHARES USD CORP BOND USD A","LQDAN","MXN","ETF","IE","MEXI*"
"LQDEN","ISHARES USD CORP BOND USD D","LQDEN","MXN","ETF","IE","MEXI*"
"LWCU1N","AMUNDI MSCI WORLD ESG CLIMAT","LWCU1N","MXN","ETF","IE","MEXI*"
"LYJPN","AMI JAPAN TOPIX DIST JPY","LYJPN","JPY","ETF","FR","EBS*"
"MBILN","JPM BETA US TRS0-1 USD MXNHA","MBILN","MXN","ETF","IE","MEXI*"
"MDBUAN","UBS ETF SUST DVLP BANK BONDS","MDBUAN","MXN","ETF","LU","MEXI*"
"MOAT1N","VANECK MORNINGST US MOAT ETF","MOAT1N","MXN","ETF","IE","MEXI*"
"MOTUN","VANECK MSTAR WIDE MOAT ETF","MOTUN","MXN","ETF","IE","MEXI*"
"MTAN","AM EURO GOV BOND 1-3Y-ETF A","MTAN","MXN","ETF","LU","MEXI*"
"MTF.F13","MTF SAL TEL BOND - GLOBAL","MTF.F13","ILS","ETF","IL","TASE*"
"MTF.F49","MTF SAL S&amp;P UTILITIES CHDG","MTF.F49","ILS","ETF","IL","TASE*"
"MTXX1 N","AMUN EURO GOV BD - UCITS ETF","MTXX1 N","MXN","ETF","LU","MEXI*"
"MTXXN","AM EURO GOV BOND II-ETF ACC","MTXXN","MXN","ETF","LU","MEXI*"
"NATON","FUTURE OF DEFENCE UCITS ETF","NATON","MXN","ETF","IE","MEXI*"
"NRJCN","AMI MI NEY ESG SR UCTS ETF-A","NRJCN","MXN","ETF","FR","MEXI*"
"OMXSN","ISHARES OMX STOCKHOLM CAPPED","OMXSN","MXN","ETF","IE","MEXI*"
"PR1MXN","AM US TREAS BOND 0-1Y MXNH2","PR1MXN","MXN","ETF","LU","MEXI*"
"PRUSN","INVESCO FTSE RAFI US 1000","PRUSN","MXN","ETF","IE","MEXI*"
"PSG.F129","PSAGOT ETF BSTAR IL GLOB H","PSG.F129","ILS","ETF","IL","TASE*"
"PSG.F133","PSAGOT ETF WT GR H","PSG.F133","ILS","ETF","IL","TASE*"
"PSG.F147","PSAGOT ETF COMP BONDS MIX","PSG.F147","ILS","ETF","IL","TASE*"
"PSG.F148","PSAGOT ETF COMP BONDS+DIV H","PSG.F148","ILS","ETF","IL","TASE*"
"PSG.F154","PSAGOT ETF COMP US SECTOR","PSG.F154","ILS","ETF","IL","TASE*"
"PSG.F160","PSAGOT ETF SHORT TA-125","PSG.F160","ILS","ETF","IL","TASE*"
"PSG.F32","PSAGOT ETF TEL-BGLO","PSG.F32","ILS","ETF","IL","TASE*"
"PSG.F40","PTF 4A TA-GROWTH","PSG.F40","ILS","ETF","IL","TASE*"
"PSG.F55","PSAGOT ETF DJ US RE","PSG.F55","ILS","ETF","IL","TASE*"
"PSG.F68","PSAGOT ETF SP HEALTHCARE","PSG.F68","ILS","ETF","IL","TASE*"
"PSG.F98","PSAGOT ETF STOXX GLOBDIV","PSG.F98","ILS","ETF","IL","TASE*"
"PSG.FK3","PSAGOT ETF KO TEL-BSH","PSG.FK3","ILS","ETF","IL","TASE*"
"QCLNU","FIRST TRUST NSDQ CLN EDG NRG","QCLNU","MXN","ETF","IE","MEXI*"
"QYLDUN","GX NASDAQ 100 COV CALL UCITS","QYLDUN","MXN","ETF","IE","MEXI*"
"R1GR","ISHARES RUSSELL 1000 GROWTH","R1GR","MXN","ETF","IE","MEXI*"
"R1VLN","ISHARES RUSSELL 1000 VALUE","R1VLN","MXN","ETF","IE","MEXI*"
"R2USN","SPDR RUSSELL 2000 US S/C","R2USN","MXN","ETF","IE","MEXI*"
"RBOTN","ISHARES AUTOMATION&amp;ROBOTIC-A","RBOTN","MXN","ETF","IE","MEXI*"
"REUSEN","BNPEASY CIRCULAR ECONOMY ETF","REUSEN","MXN","ETF","LU","MEXI*"
"RIUSN","L&amp;G US ESG EXCLUSIONS PARIS","RIUSN","MXN","ETF","IE","MEXI*"
"ROBMN","L&amp;G ROBO GLOBAL ROBOTICS&amp;AUT","ROBMN","MXN","ETF","IE","MEXI*"
"ROLLN","ISHARES BLOOMBERG ENHANCED R","ROLLN","MXN","ETF","IE","MEXI*"
"RUSGN","AMUND RUSSELL 1000 GROWTH","RUSGN","MXN","ETF","FR","MEXI*"
"SAEMN","ISHARES MSCI EM IMI ESG SCRN","SAEMN","MXN","ETF","IE","MEXI*"
"SAJPN","ISHARES MSCI JAPAN ESG SCRND","SAJPN","MXN","ETF","IE","MEXI*"
"SDHAN","ISH USD SHRT HY CRP USD ACC","SDHAN","MXN","ETF","IE","MEXI*"
"SDHYN","ISHARES USD SHORT DUR HY CRP","SDHYN","MXN","ETF","IE","MEXI*"
"SDMXXN","ISHARES USD SHORT DUR MXN HA","SDMXXN","MXN","ETF","IE","MEXI*"
"SEMIN","ISHARES MSCI GLB SEMICNDCT A","SEMIN","MXN","ETF","IE","MEXI*"
"SGBSN","WT PHYSICAL SWISS GOLD","SGBSN","MXN","ETF","JE","MEXI*"
"SGLDN","INVESCO PHYSICAL GOLD ETC","SGLDN","MXN","ETF","IE","MEXI*"
"SILVUN","GLOBAL X SILVER MINERS UCITS","SILVUN","MXN","ETF","IE","MEXI*"
"SJPA","ISHARES CORE MSCI JAPAN","SJPA","JPY","ETF","IE","EBS*"
"SLMAUN","ISHARES MSCI EMU ESG SCREEND","SLMAUN","MXN","ETF","IE","MEXI*"
"SLMCN","ISHARES MSCI EUROPE ESG SCRN","SLMCN","MXN","ETF","IE","MEXI*"
"SMOT1N","VANECK MSTAR SMID MOAT ETF","SMOT1N","MXN","ETF","IE","MEXI*"
"SMRUN","AMUN IDX EQY GBL MS AL STF B","SMRUN","MXN","ETF","LU","MEXI*"
"SP5USYN","UBS ETF S&amp;P 500","SP5USYN","MXN","ETF","IE","MEXI*"
"SPABUN","GX SPX ANNUAL BFR UCITS ETF","SPABUN","MXN","ETF","IE","MEXI*"
"SPAHN","GXS&amp;P500ANNUALTAILHEDGEUCITS","SPAHN","MXN","ETF","IE","MEXI*"
"SPMVN","ISHARES EDGE S&amp;P500 MIN VOL","SPMVN","MXN","ETF","IE","MEXI*"
"SPQBN","GX SPX QUARTERLY BUFFER UCIT","SPQBN","MXN","ETF","IE","MEXI*"
"SPQHN","GX SPX QUARTER TAIL HEDGE UC","SPQHN","MXN","ETF","IE","MEXI*"
"SPXS1N","INVESCO S&amp;P 500 ACC","SPXS1N","MXN","ETF","IE","MEXI*"
"SPY4N","SPDR S&amp;P 400 US MID CAP","SPY4N","MXN","ETF","IE","MEXI*"
"SPYLN","SPDR S&amp;P 500 UCITS ETF ACC","SPYLN","MXN","ETF","IE","MEXI*"
"SUAS N","ISHARES SUST MSCI USA SRI","SUAS N","MXN","ETF","IE","MEXI*"
"SUJP N","ISHARES MSCI JAPAN SRI USD-A","SUJP N","MXN","ETF","IE","MEXI*"
"SUOMXN","ISHARES USD CORP ESG-MXNHA","SUOMXN","MXN","ETF","IE","MEXI*"
"SUWSN","ISHARES MSCI WORLD SRI-USD-D","SUWSN","MXN","ETF","IE","MEXI*"
"SW2CHBN","UBS ETF MSCI SWITZERLAND","SW2CHBN","MXN","ETF","LU","MEXI*"
"SXLBN","SPDR S&amp;P US MATERIALS SELECT","SXLBN","MXN","ETF","IE","MEXI*"
"SXLCN","SPDR S&amp;P US COMMS SELECT","SXLCN","MXN","ETF","IE","MEXI*"
"SXLEN","SPDR S&amp;P US ENERGY SELECT","SXLEN","MXN","ETF","IE","MEXI*"
"SXLIN","SPDR S&amp;P US INDUST SELECT","SXLIN","MXN","ETF","IE","MEXI*"
"SXLKN","SPDR S&amp;P US TECH SELECT","SXLKN","MXN","ETF","IE","MEXI*"
"SXLPN","SPDR S&amp;P US CON STAP SELECT","SXLPN","MXN","ETF","IE","MEXI*"
"SXLVN","SPDR S&amp;P US HEALTH SELECT","SXLVN","MXN","ETF","IE","MEXI*"
"SXLYN","SPDR S&amp;P US CON DIS SELECT","SXLYN","MXN","ETF","IE","MEXI*"
"SXNPEXN","ISHR EUR600 IND GDS&amp;SERV(DE)","SXNPEXN","MXN","ETF","DE","MEXI*"
"SXR7N","ISHARES CORE MSCI EMU EUR A","SXR7N","MXN","ETF","IE","MEXI*"
"SXRJN","ISHARES MSCI EMU SML-C ACC","SXRJN","MXN","ETF","IE","MEXI*"
"SXRYN","ISHARES FTSE MIB ACC","SXRYN","MXN","ETF","IE","MEXI*"
"TCBTN","VANECK EUR CORP ETF","TCBTN","MXN","ETF","NL","MEXI*"
"TCH.F104","TACHLIT SAL TEL BOND-COMP","TCH.F104","ILS","ETF","IL","TASE*"
"TCH.F107","TACHLIT SP MSCI NTR NIS 40A","TCH.F107","ILS","ETF","IL","TASE*"
"TCH.F120","TACHLIT SAL 60 SHORT TA 35","TCH.F120","ILS","ETF","IL","TASE*"
"TCH.F146","TACHLIT S&amp;P 500 DVD ARISTO","TCH.F146","ILS","ETF","IL","TASE*"
"TCH.F151","TACHLIT S&amp;P MIDCAP 400 ILS","TCH.F151","ILS","ETF","IL","TASE*"
"TCH.F28","TCHLT KOREA KOSPI200 ILS 40A","TCH.F28","ILS","ETF","IL","TASE*"
"TCH.F9","TACHLIT SAL 40 TA 90","TCH.F9","ILS","ETF","IL","TASE*"
"TCH.F92","TACHLIT CHINA FTSE 50 4DA","TCH.F92","ILS","ETF","IL","TASE*"
"TDIV1N","VANECK DEV MKT DVD LEADERS","TDIV1N","MXN","ETF","NL","MEXI*"
"TEETN","VANECK SUSTAINABLE EUROPEAN","TEETN","MXN","ETF","NL","MEXI*"
"TELEN","SPDR MSCI EUROPE COMMS","TELEN","MXN","ETF","IE","MEXI*"
"TGBTN","VANECK EUR SVRN DIV 1-10 ETF","TGBTN","MXN","ETF","NL","MEXI*"
"TIGR1N","L&amp;G INDIA INR GOV BOND UCITS","TIGR1N","MXN","ETF","IE","MEXI*"
"TIP5N","ISHARES USD TIPS 0-5","TIP5N","MXN","ETF","IE","MEXI*"
"TIPAN","LYXOR CORE US TIPS DR","TIPAN","MXN","ETF","LU","MEXI*"
"TNAEN","VANECK NTH AMER EQ WT ETF","TNAEN","MXN","ETF","NL","MEXI*"
"TPXY","AMUNDI JAP TOPIX UC-JPY","TPXY","JPY","ETF","LU","EBS*"
"TRE3N","INVESCO US TRES 1-3 YR DIST","TRE3N","MXN","ETF","IE","MEXI*"
"TRESN","INVESCO US TREASURY DIST","TRESN","MXN","ETF","IE","MEXI*"
"TRETN","VANECK GLB REAL ESTATE ETF","TRETN","MXN","ETF","NL","MEXI*"
"TRYPN","THE TRAVEL UCITS ETF","TRYPN","MXN","ETF","IE","MEXI*"
"TSWEN","VANECK SUST WLD EQ WT ETF","TSWEN","MXN","ETF","NL","MEXI*"
"U13CHN","LYXOR US TRS 1-3Y MXN-MHDG","U13CHN","MXN","ETF","LU","MEXI*"
"UBBBN","AMUNDI GL CORP SRI 1-5 C","UBBBN","MXN","ETF","LU","MEXI*"
"UKGBPBN","UBS ETF MSCI UNITED KINGDOM","UKGBPBN","MXN","ETF","LU","MEXI*"
"UKUSDN","UBS ETF MSCI UK USD-HA","UKUSDN","MXN","ETF","LU","MEXI*"
"UPVLDN","UBSETF FACTOR USA PV ESG","UPVLDN","MXN","ETF","IE","MEXI*"
"UQLTDN","UBS ETF FACTOR USA QUALITY","UQLTDN","MXN","ETF","IE","MEXI*"
"US7N","AMUNDI US TREASURY 7-10 ETF","US7N","MXN","ETF","LU","MEXI*"
"USCRN","SPDR BLOOMBERG SASB US CORP","USCRN","MXN","ETF","IE","MEXI*"
"USFAN","VANECK US FALLEN ANGEL ETF","USFAN","MXN","ETF","IE","MEXI*"
"USPAN","FRANKLIN SP500 PA UCITS ETF","USPAN","MXN","ETF","IE","MEXI*"
"USPYN","L&amp;G CYBER SECURITY UCITS ETF","USPYN","MXN","ETF","IE","MEXI*"
"USVUSYN","UBS ETF MSCI USA VALUE","USVUSYN","MXN","ETF","IE","MEXI*"
"UT1USN","UBS ETF BBG. CAP. US TR. 1-3","UT1USN","MXN","ETF","LU","MEXI*"
"UT7USN","UBS ETF BBG. CA. US TR. 7-10","UT7USN","MXN","ETF","LU","MEXI*"
"UTILN","SPDR EUROPE UTILITIES","UTILN","MXN","ETF","IE","MEXI*"
"V3DAN","VANG ESG FTSE DEV EUR ACC","V3DAN","MXN","ETF","IE","MEXI*"
"V3GUN","VANG ESG GC ETF USD H ACC","V3GUN","MXN","ETF","IE","MEXI*"
"V3NAN","VANG ESG FTSE NA ACC","V3NAN","MXN","ETF","IE","MEXI*"
"VAGUN","VANG GLBAGG ETF USD H ACC","VAGUN","MXN","ETF","IE","MEXI*"
"VDCPN","VANG USDCPBD USDD","VDCPN","MXN","ETF","IE","MEXI*"
"VDEMN","VANG FTSE EM USDD","VDEMN","MXN","ETF","IE","MEXI*"
"VDJPN","VANG FTSE JPN USDD","VDJPN","MXN","ETF","IE","MEXI*"
"VDUCN","VAND USDCP1-3 USDD","VDUCN","MXN","ETF","IE","MEXI*"
"VEREN","VANG FTSE DEX EURA","VEREN","MXN","ETF","IE","MEXI*"
"VERXN","VANG FTSE DEX EURD","VERXN","MXN","ETF","IE","MEXI*"
"VETYN","VANG EURGVBD EURD","VETYN","MXN","ETF","IE","MEXI*"
"VEUDN","VANG FTSE EUR EURD","VEUDN","MXN","ETF","IE","MEXI*"
"VHYDN","VANG FTSE HDY USDD","VHYDN","MXN","ETF","IE","MEXI*"
"VMCAXN","VANG USD CB1-3 ETF MXN H ACC","VMCAXN","MXN","ETF","IE","MEXI*"
"VNRAN","VANG FTSE NA USDA","VNRAN","MXN","ETF","IE","MEXI*"
"VUAAN","VANG S&amp;P500 USDA","VUAAN","MXN","ETF","IE","MEXI*"
"VUKEN","VANG FTSE100 GBPD","VUKEN","MXN","ETF","IE","MEXI*"
"VUKGN","VANG FTSE100 GBPA","VUKGN","MXN","ETF","IE","MEXI*"
"VUSDN","VANG S&amp;P500 USDD","VUSDN","MXN","ETF","IE","MEXI*"
"VWRAN","VANG FTSE AW USDA","VWRAN","MXN","ETF","IE","MEXI*"
"VWRDN","VANG FTSE AW USDD","VWRDN","MXN","ETF","IE","MEXI*"
"WBLKN","WT BLOCKCHAIN UCITS ETF USDA","WBLKN","MXN","ETF","IE","MEXI*"
"WCLD1N","WT CLOUD COMPUTING USD ACC","WCLD1N","MXN","ETF","IE","MEXI*"
"WCOAN","WISDOMTREE ENH CMDTY-USD ACC","WCOAN","MXN","ETF","IE","MEXI*"
"WFINN","SPDR WORLD FINANCIALS","WFINN","MXN","ETF","IE","MEXI*"
"WMATN","SPDR WORLD MATERIALS","WMATN","MXN","ETF","IE","MEXI*"
"WNRGN","SPDR WORLD ENERGY","WNRGN","MXN","ETF","IE","MEXI*"
"WRCYN","WRCY UCITS ETF - USD ACC","WRCYN","MXN","ETF","IE","MEXI*"
"WRDUN","AMUNDI MSCI WORLD USD ACC","WRDUN","MXN","ETF","IE","MEXI*"
"WRDUSAN","UBS ETF MSCI WORLD","WRDUSAN","MXN","ETF","LU","MEXI*"
"WSRIAN","UBS ETF MSCIW SRI USD ACC","WSRIAN","MXN","ETF","IE","MEXI*"
"WTELN","SPDR MSCI WORLD COMMUNICATIO","WTELN","MXN","ETF","IE","MEXI*"
"WTREN","WTRE UCITS ETF - USD ACC","WTREN","MXN","ETF","IE","MEXI*"
"XAIXN","X ARTIFICIAL INTEL BIG DA 1C","XAIXN","MXN","ETF","IE","MEXI*"
"XASXN","X MSCI UK ESG 1D","XASXN","MXN","ETF","LU","MEXI*"
"XBASN","X MSCI SINGAPORE 1C","XBASN","MXN","ETF","LU","MEXI*"
"XBAUN","X ESG GLOBAL AGGR BND 2C USD","XBAUN","MXN","ETF","LU","MEXI*"
"XCADN","X MSCI CANADA ESG SCRND 1C","XCADN","MXN","ETF","LU","MEXI*"
"XCS5N","X MSCI INDIA SWAP C","XCS5N","MXN","ETF","LU","MEXI*"
"XCS6N","X MSCI CHINA 1C","XCS6N","MXN","ETF","LU","MEXI*"
"XCTEN","X HARVEST MSCI CHINA TECH 1C","XCTEN","MXN","ETF","LU","MEXI*"
"XD5DN","X MSCI EMU 1C USD","XD5DN","MXN","ETF","LU","MEXI*"
"XD5EN","X MSCI EMU 1D","XD5EN","MXN","ETF","LU","MEXI*"
"XDCCN","X USD CORPORATE BOND 1 C","XDCCN","MXN","ETF","IE","MEXI*"
"XDEBN","X MSCI WORLD MIN VOL 1C","XDEBN","MXN","ETF","IE","MEXI*"
"XDEMN","X MSCI WORLD MOMENTUM 1C","XDEMN","MXN","ETF","IE","MEXI*"
"XDEQN","X MSCI WORLD QUALITY","XDEQN","MXN","ETF","IE","MEXI*"
"XDEVN","X MSCI WORLD VALUE 1C","XDEVN","MXN","ETF","IE","MEXI*"
"XDEWN","X S&amp;P 500 EQUAL WEIGHT","XDEWN","MXN","ETF","IE","MEXI*"
"XDN0N","X MSCI NORDIC 1D","XDN0N","MXN","ETF","IE","MEXI*"
"XDNUN","X MSCI JAPAN ESG SCR 4C USD","XDNUN","MXN","ETF","IE","MEXI*"
"XDUDN","X DAX ESG SCREENED 1D","XDUDN","MXN","ETF","LU","MEXI*"
"XDW0N","X MSCI WORLD ENERGY 1C","XDW0N","MXN","ETF","IE","MEXI*"
"XDWCN","X MSCI WORLD CONS DISC 1C","XDWCN","MXN","ETF","IE","MEXI*"
"XDWDN","X MSCI WORLD 1C","XDWDN","MXN","ETF","IE","MEXI*"
"XDWFN","X MSCI WORLD FINANCIALS","XDWFN","MXN","ETF","IE","MEXI*"
"XDWHN","X MSCI WORLD HEALTH CARE","XDWHN","MXN","ETF","IE","MEXI*"
"XDWIN","X MSCI WORLD INDUSTRIALS 1C","XDWIN","MXN","ETF","IE","MEXI*"
"XESCN","X EURO STOXX 50 1C","XESCN","MXN","ETF","LU","MEXI*"
"XESPN","X SPAIN 1C","XESPN","MXN","ETF","LU","MEXI*"
"XFNTN","X MSCI FINTECH INNOVATION 1C","XFNTN","MXN","ETF","IE","MEXI*"
"XG7UN","X GLOBAL INFL-LINKED 2C USD","XG7UN","MXN","ETF","LU","MEXI*"
"XGENN","X MSCI GENOMIC HC INNO 1C","XGENN","MXN","ETF","IE","MEXI*"
"XGLUN","X EUROZONE GOVT BOND 2C USD","XGLUN","MXN","ETF","LU","MEXI*"
"XLCSN","INVESCO US COMMUNICATION S&amp;P","XLCSN","MXN","ETF","IE","MEXI*"
"XMADN","X MSCI EM ASIA ESG SCRND ETF","XMADN","MXN","ETF","LU","MEXI*"
"XMBDN","X MSCI BRAZIL 1C","XMBDN","MXN","ETF","LU","MEXI*"
"XMEDN","X MSCI EUROPE 1C","XMEDN","MXN","ETF","LU","MEXI*"
"XMESN","X MSCI MEXICO 1C","XMESN","MXN","ETF","LU","MEXI*"
"XMJDN","X MSCI JAPAN","XMJDN","MXN","ETF","LU","MEXI*"
"XMJP","X MSCI JAPAN","XMJP","JPY","ETF","LU","EBS*"
"XMMEN","X MSCI EM 1C","XMMEN","MXN","ETF","IE","MEXI*"
"XMOVN","X FUTURE MOBILITY 1C","XMOVN","MXN","ETF","IE","MEXI*"
"XMTDN","X MSCI TAIWAN","XMTDN","MXN","ETF","LU","MEXI*"
"XMUJN","X MSCI JAPAN 2D USD","XMUJN","MXN","ETF","LU","MEXI*"
"XMVEN","X MSCI EMU ESG SCRND 1D","XMVEN","MXN","ETF","IE","MEXI*"
"XMWDN","X WORLD SWAP 1C","XMWDN","MXN","ETF","LU","MEXI*"
"XNGIN","X MSCI NG INTERNET INNO 1C","XNGIN","MXN","ETF","IE","MEXI*"
"XNJP","X NIKKEI 225 1D","XNJP","JPY","ETF","LU","EBS*"
"XNNVN","X MSCI INNOVATION 1C","XNNVN","MXN","ETF","IE","MEXI*"
"XPXDN","X MSCI PAC EX JP ESG SCR 1C","XPXDN","MXN","ETF","LU","MEXI*"
"XRMUN","X MSCI USA ESG SCRND UCITS","XRMUN","MXN","ETF","IE","MEXI*"
"XSXDN","X S&amp;P500 SWAP 1D","XSXDN","MXN","ETF","LU","MEXI*"
"XUEBN","X USD EM BOND 2C","XUEBN","MXN","ETF","LU","MEXI*"
"XUFBN","X MSCI USA BANKS 1D","XUFBN","MXN","ETF","IE","MEXI*"
"XUHAXN","X USD HY CORP BOND 1C","XUHAXN","MXN","ETF","IE","MEXI*"
"XUITN","X MSCI USA INFO TECH 1C","XUITN","MXN","ETF","IE","MEXI*"
"XUS1XN","X US TREASURIES 1-3 1C","XUS1XN","MXN","ETF","LU","MEXI*"
"XUSTXN","X US TREASURIES 1C","XUSTXN","MXN","ETF","LU","MEXI*"
"XWTSN","X MSCI WORLD COM SERV 1C","XWTSN","MXN","ETF","IE","MEXI*"
"XXSCN","X MSCI EUROPE SMALL CAP 1C","XXSCN","MXN","ETF","LU","MEXI*"
"XZEUN","X MSCI EU ESG 1C","XZEUN","MXN","ETF","IE","MEXI*"
"XZEWN","X S&amp;P 500 EW ESG 1C","XZEWN","MXN","ETF","IE","MEXI*"
"XZEZN","X MSCI EMU ESG 1C","XZEZN","MXN","ETF","IE","MEXI*"
"XZMJN","X MSCI JAPAN ESG 1C","XZMJN","MXN","ETF","IE","MEXI*"
"XZW0N","X MSCI WORLD ESG 1C","XZW0N","MXN","ETF","IE","MEXI*"
"YODAN","PROCURE SPACE UCITS ETF","YODAN","MXN","ETF","IE","MEXI*"
"ZPRMN","SPDR BBG 1-3MO US TRES MXNHA","ZPRMN","MXN","ETF","IE","MEXI*"
